{
  "WB_C1": -3.62,
  "CL_VOL20": 53.65,
  "INVENTORY_DRAW": -8.3,
  "WTI_PRICE": 74.18,
  "BRENT_PRICE": 77.8,
  "DXY": 100.255,
  "HO_CL_DIFF": -71.10100000000001,
  "TIMESTAMP": "2026-06-18T06:51:00.881538+00:00"
}