{
    "CL_VOL20": {
        "low": 0.24808999573144463,
        "high": 0.3469455969200203
    },
    "WB_C1_median": -4.355179794520548,
    "HO_CL_DIFF_median": -75.56267692307692
}